region,time,killings,houseprice,unemp
1,1983q1,2.549731,,
1,1983q2,2.1247759,,
1,1983q3,.8499105,,
1,1983q4,1.699821,,
1,1984q1,1.274866,,
1,1984q2,2.9746871,,
1,1984q3,.8499105,,
1,1984q4,.8499105,26889,
1,1985q1,1.699821,23222,
1,1985q2,.8499105,28436,
1,1985q3,.8499105,,
1,1985q4,.42495519,26464,
1,1986q1,1.274866,25809,
1,1986q2,.8499105,27141,
1,1986q3,4.6745081,27993,
1,1986q4,2.1247759,26267,
1,1987q1,3.399642,24491,
1,1987q2,5.099463,27121,
1,1987q3,4.6745081,26546,34696.672
1,1987q4,1.699821,,33125.328
1,1988q1,5.5244179,28725,32182
1,1988q2,2.549731,29627,31709
1,1988q3,6.3743291,28539,31913
1,1988q4,2.9746871,27832,29781.33
1,1989q1,4.6745081,27584,29704.67
1,1989q2,1.274866,27313,28686.33
1,1989q3,1.699821,32465,29036.33
1,1989q4,1.274866,31376,27489
1,1990q1,2.549731,30067,26978.33
1,1990q2,2.1247759,34377,26328.67
1,1990q3,1.274866,32009,26937.67
1,1990q4,3.8245969,32577,25651
1,1991q1,1.274866,30594,26012.67
1,1991q2,3.8245969,35687,26052.67
1,1991q3,4.6745081,35396,27736.33
1,1991q4,9.7739706,37604,27022
1,1992q1,5.5244179,33848,27667.33
1,1992q2,2.1247759,36227,27875.67
1,1992q3,5.9493728,41182,29423.33
1,1992q4,5.099463,39904,28179.67
1,1993q1,3.399642,32136,28650
1,1993q2,1.699821,36845,27903
1,1993q3,2.9746871,37890,29368
1,1993q4,9.7739706,39313,27808
1,1994q1,2.1247759,37988,27090.33
1,1994q2,7.6491938,41682,26295.33
1,1994q3,2.1247759,42811,27439.33
1,1994q4,.42495519,37558,25320
1,1995q1,0,39090,24528.67
1,1995q2,.42495519,43321,23253.33
1,1995q3,.42495519,46127,24473.67
1,1995q4,2.1247759,48253,22332.33
1,1996q1,.8499105,49268,22117.67
1,1996q2,.8499105,48498,21915.33
1,1996q3,.42495519,52821,23252.33
1,1996q4,.42495519,56073,19426.33
1,1997q1,.42495519,57604,17457.33
1,1997q2,2.1247759,55584,16124
1,1997q3,.42495519,62046,16443.67
1,1997q4,.8499105,61346,14897.67
1,1998q1,2.9746871,57444,14813.67
1,1998q2,.42495519,62247,14254.33
1,1998q3,.42495519,68015,14810
1,1998q4,.42495519,64493,13570.67
1,1999q1,.42495519,67047,13637.33
1,1999q2,0,72019,13126
1,1999q3,.42495519,73414,13125
1,1999q4,0,80468,11492
1,2000q1,0,87352,11492.33
1,2000q2,.8499105,84356,10858.33
1,2000q3,1.274866,92002,11327
1,2000q4,2.1247759,97369,10465
1,2001q1,.42495519,88079,10495.33
1,2001q2,.8499105,90786,10127
1,2001q3,.42495519,95365,10343
1,2001q4,1.274866,91798,9427
1,2002q1,0,95342,9720
1,2002q2,0,96757,9589.333
1,2002q3,.42495519,103587,9918.667
1,2002q4,1.699821,97897,8721.333
1,2003q1,1.274866,99331,9039.667
1,2003q2,.42495519,100647,8989.667
1,2003q3,.42495519,105704,9558.667
1,2003q4,0,105242,8819.333
1,2004q1,0,105037,8670.667
1,2004q2,.8499105,112007,8211.333
1,2004q3,0,113902,8237.333
1,2004q4,0,112849,7287.333
1,2005q1,.8499105,117356,7528
1,2005q2,1.274866,130567,7438.667
1,2005q3,.42495519,133359,7771.667
1,2005q4,.42495519,135781,7177.667
1,2006q1,0,145051,7486
1,2006q2,0,160121,7411.667
1,2006q3,0,172209,7635.333
1,2006q4,0,191819,7100.333
1,2007q1,.8499105,207543,6993.667
1,2007q2,0,239754,6840.333
1,2007q3,0,258332,6555.667
1,2007q4,0,225424,6135.667
1,2008q1,0,254011,6364.667
1,2008q2,0,247648,6523
1,2008q3,0,244834,7164.667
1,2008q4,0,178399,7782.667
1,2009q1,.8499105,155483,9368.667
2,1983q1,0,,
2,1983q2,.42495519,,
2,1983q3,0,,
2,1983q4,0,,
2,1984q1,0,,
2,1984q2,0,,
2,1984q3,0,,
2,1984q4,0,30906,
2,1985q1,0,34811,
2,1985q2,0,33583,
2,1985q3,0,,
2,1985q4,0,33198,
2,1986q1,0,31578,
2,1986q2,0,30945,
2,1986q3,0,33366,
2,1986q4,0,36568,
2,1987q1,0,35232,
2,1987q2,0,33175,
2,1987q3,0,33470,6723
2,1987q4,0,,6142.667
2,1988q1,0,,6138.333
2,1988q2,0,38104,6018.667
2,1988q3,0,35456,6041
2,1988q4,0,35584,5539.333
2,1989q1,0,38562,5560
2,1989q2,0,38555,5285.667
2,1989q3,0,36261,5507
2,1989q4,0,36499,5169.667
2,1990q1,0,40220,5070
2,1990q2,0,34631,4873.667
2,1990q3,0,41391,5126.667
2,1990q4,0,36412,4916.667
2,1991q1,0,36520,4988.333
2,1991q2,0,41567,5046.333
2,1991q3,0,39367,5312.667
2,1991q4,0,47700,5121.333
2,1992q1,0,41590,5453
2,1992q2,0,44845,5541.333
2,1992q3,0,41026,6078
2,1992q4,0,38854,5739.667
2,1993q1,0,43570,5995.333
2,1993q2,.8499105,47220,5793.667
2,1993q3,.42495519,49911,6154.667
2,1993q4,0,45383,5566.667
2,1994q1,.8499105,51705,5626
2,1994q2,0,47161,5477.667
2,1994q3,0,49560,5725.333
2,1994q4,0,48141,5069.667
2,1995q1,0,46852,5130.667
2,1995q2,0,52483,5022.333
2,1995q3,.42495519,51466,5477.667
2,1995q4,0,51963,4897.667
2,1996q1,0,53990,4992.333
2,1996q2,0,56045,5067
2,1996q3,0,62038,5676.667
2,1996q4,0,58391,4768.667
2,1997q1,0,55424,4163
2,1997q2,0,64824,3723.667
2,1997q3,.42495519,70189,4017.333
2,1997q4,.42495519,65866,3557
2,1998q1,0,68523,3648.333
2,1998q2,0,71910,3480
2,1998q3,.42495519,75823,3701.333
2,1998q4,0,71619,3308.333
2,1999q1,0,76224,3397.667
2,1999q2,0,79071,3250
2,1999q3,0,81301,3382
2,1999q4,0,82562,2922.333
2,2000q1,0,83379,2960
2,2000q2,0,87428,2887.333
2,2000q3,.42495519,90349,2976
2,2000q4,0,88575,2721
2,2001q1,.42495519,90325,2773.667
2,2001q2,.42495519,88902,2547.667
2,2001q3,0,90777,2576
2,2001q4,0,110935,2366.333
2,2002q1,0,111426,2419.667
2,2002q2,0,111235,2221
2,2002q3,.42495519,114876,2334
2,2002q4,.42495519,112804,2177.667
2,2003q1,0,112056,2315.333
2,2003q2,.42495519,115485,2299.333
2,2003q3,0,125709,2504
2,2003q4,0,113589,2447.667
2,2004q1,.42495519,114527,2442.667
2,2004q2,0,118601,2225.333
2,2004q3,0,120892,2136.667
2,2004q4,0,133204,1912
2,2005q1,0,134737,2082.667
2,2005q2,0,142107,1982.667
2,2005q3,0,157940,2070.333
2,2005q4,0,166175,1865.333
2,2006q1,0,166424,1900
2,2006q2,0,173285,1833.333
2,2006q3,0,193197,1917
2,2006q4,0,202300,1812.333
2,2007q1,0,226419,1807.667
2,2007q2,0,257497,1666.333
2,2007q3,0,279127,1622.667
2,2007q4,0,243191,1503
2,2008q1,0,250678,1573.667
2,2008q2,0,251526,1533.333
2,2008q3,0,205692,1764.333
2,2008q4,0,184019,2060
2,2009q1,0,177785,2604.333
3,1983q1,0,,
3,1983q2,0,,
3,1983q3,0,,
3,1983q4,0,,
3,1984q1,.42495519,,
3,1984q2,0,,
3,1984q3,0,,
3,1984q4,0,30692,
3,1985q1,0,29375,
3,1985q2,0,31074,
3,1985q3,0,,
3,1985q4,.42495519,31655,
3,1986q1,0,30904,
3,1986q2,0,30541,
3,1986q3,0,33499,
3,1986q4,.42495519,33550,
3,1987q1,0,31799,
3,1987q2,.42495519,34231,
3,1987q3,0,32950,6089.333
3,1987q4,.42495519,,5755
3,1988q1,0,35801,5687.333
3,1988q2,2.549731,35208,5531.667
3,1988q3,.42495519,38070,5650.667
3,1988q4,0,35363,5144.333
3,1989q1,.42495519,38512,5167.667
3,1989q2,.42495519,36465,4973.333
3,1989q3,0,39453,4965.667
3,1989q4,.42495519,39177,4631
3,1990q1,0,38142,4568.333
3,1990q2,0,39097,4535.667
3,1990q3,1.274866,38607,4731.333
3,1990q4,0,36700,4575.333
3,1991q1,.42495519,39353,4686
3,1991q2,.42495519,41297,4732.667
3,1991q3,.42495519,40684,4928.667
3,1991q4,0,39947,4758.667
3,1992q1,.8499105,41473,4900.667
3,1992q2,0,43497,4876.667
3,1992q3,0,42763,5237
3,1992q4,0,42037,4984
3,1993q1,0,40951,5000.333
3,1993q2,0,46132,4911
3,1993q3,.42495519,44928,5204.667
3,1993q4,0,50369,4879.333
3,1994q1,0,48030,4800.333
3,1994q2,0,45957,4617.667
3,1994q3,.8499105,47466,4861
3,1994q4,0,43711,4459.667
3,1995q1,0,43724,4438
3,1995q2,0,54135,4207.333
3,1995q3,0,56182,4407.667
3,1995q4,0,54940,4052.667
3,1996q1,0,52270,4093.667
3,1996q2,0,59961,3995.333
3,1996q3,.42495519,58513,4383
3,1996q4,0,55543,3473.333
3,1997q1,0,56876,3124
3,1997q2,0,66153,2853.333
3,1997q3,0,69344,2963
3,1997q4,.42495519,66903,2716
3,1998q1,.42495519,67222,2764.333
3,1998q2,.42495519,71662,2598.333
3,1998q3,0,69216,2744.333
3,1998q4,0,73664,2509
3,1999q1,0,69610,2629.333
3,1999q2,0,74449,2355
3,1999q3,0,77991,2322.333
3,1999q4,0,78383,1962.333
3,2000q1,0,84157,1979.667
3,2000q2,0,87530,1869
3,2000q3,0,98240,1929.333
3,2000q4,0,101956,1818
3,2001q1,0,97461,1877.667
3,2001q2,0,106928,1764
3,2001q3,0,100755,1863.667
3,2001q4,0,104071,1745
3,2002q1,0,96431,1744.667
3,2002q2,0,106187,1683
3,2002q3,0,115212,1720.667
3,2002q4,0,111744,1541
3,2003q1,0,125378,1639
3,2003q2,0,111641,1553
3,2003q3,0,120878,1614.333
3,2003q4,.42495519,121532,1436.667
3,2004q1,0,125537,1484.667
3,2004q2,0,130591,1415.333
3,2004q3,0,127354,1450
3,2004q4,0,141324,1332.667
3,2005q1,0,131018,1405
3,2005q2,0,155851,1381
3,2005q3,0,158998,1459.667
3,2005q4,0,169147,1367.667
3,2006q1,0,188772,1465
3,2006q2,0,194519,1439.333
3,2006q3,0,226984,1518
3,2006q4,0,231168,1339.667
3,2007q1,0,259035,1367.667
3,2007q2,0,278307,1349.333
3,2007q3,0,284599,1315
3,2007q4,0,285153,1128
3,2008q1,0,257190,1258.667
3,2008q2,0,230243,1347.333
3,2008q3,0,194597,1537
3,2008q4,0,187638,1865
3,2009q1,0,175799,2336
4,1983q1,0,,
4,1983q2,0,,
4,1983q3,0,,
4,1983q4,1.699821,,
4,1984q1,0,,
4,1984q2,.42495519,,
4,1984q3,0,,
4,1984q4,.42495519,23711,
4,1985q1,0,27123,
4,1985q2,0,28827,
4,1985q3,0,,
4,1985q4,0,27729,
4,1986q1,0,26903,
4,1986q2,0,30154,
4,1986q3,0,28656,
4,1986q4,0,29536,
4,1987q1,0,29195,
4,1987q2,0,30816,
4,1987q3,0,30677,9515.333
4,1987q4,0,,8756.667
4,1988q1,0,,8532
4,1988q2,0,31837,8274.667
4,1988q3,0,33572,8218.333
4,1988q4,0,33068,7554.667
4,1989q1,0,29036,7712
4,1989q2,.42495519,32010,7347.333
4,1989q3,0,33995,7285.667
4,1989q4,0,32299,6840
4,1990q1,0,29845,6761.667
4,1990q2,.42495519,33715,6451
4,1990q3,0,33349,6548.667
4,1990q4,0,35052,6214.667
4,1991q1,0,34664,6473.333
4,1991q2,0,35761,6705.667
4,1991q3,0,35519,7434.667
4,1991q4,0,37179,7163
4,1992q1,0,39846,7457.333
4,1992q2,0,37176,7466.333
4,1992q3,0,40175,7834.667
4,1992q4,0,33936,7617.333
4,1993q1,.42495519,35433,7846
4,1993q2,0,40871,7557.333
4,1993q3,0,40724,7750.333
4,1993q4,0,42312,7080.667
4,1994q1,0,39083,6998.667
4,1994q2,1.274866,42796,6689.667
4,1994q3,.42495519,42318,6703
4,1994q4,0,42938,5961
4,1995q1,0,39516,5976.667
4,1995q2,0,45906,5864
4,1995q3,0,46523,6095.333
4,1995q4,0,45470,5606.333
4,1996q1,0,48130,5775.333
4,1996q2,0,50126,5665.333
4,1996q3,0,48916,6025.333
4,1996q4,0,51273,4926
4,1997q1,.42495519,53276,4334.333
4,1997q2,0,54869,3883.667
4,1997q3,0,53717,3987.667
4,1997q4,.42495519,57209,3537.667
4,1998q1,0,60409,3566
4,1998q2,0,57082,3362
4,1998q3,0,62499,3644
4,1998q4,0,60147,3392
4,1999q1,0,58931,3594
4,1999q2,0,62315,3369.667
4,1999q3,0,67462,3214
4,1999q4,0,67630,2738.333
4,2000q1,0,74437,2918.667
4,2000q2,0,72982,2754.667
4,2000q3,0,73614,2895.333
4,2000q4,1.274866,74688,2578.667
4,2001q1,0,70101,2632.667
4,2001q2,0,74738,2538.333
4,2001q3,0,74286,2796.667
4,2001q4,0,78472,2584.333
4,2002q1,.42495519,80627,2699.667
4,2002q2,0,85550,2705
4,2002q3,0,86085,2923.333
4,2002q4,0,90450,2767.667
4,2003q1,0,89458,2871.333
4,2003q2,0,90320,2565.667
4,2003q3,0,89071,2494
4,2003q4,.42495519,90665,2280.333
4,2004q1,0,91616,2409
4,2004q2,0,95704,2290.667
4,2004q3,0,97461,2298.667
4,2004q4,0,101078,2097.667
4,2005q1,0,105083,2088
4,2005q2,0,102782,2017
4,2005q3,0,109312,2074
4,2005q4,0,109335,1901.333
4,2006q1,.42495519,120163,2028.333
4,2006q2,0,128838,1932.667
4,2006q3,0,140882,2025.333
4,2006q4,0,164171,1837.333
4,2007q1,0,187972,1849
4,2007q2,0,206117,1648
4,2007q3,0,222759,1600
4,2007q4,0,216897,1478.333
4,2008q1,0,211662,1568.667
4,2008q2,0,190133,1578
4,2008q3,0,167022,1796
4,2008q4,0,147913,2158.667
4,2009q1,0,133258,2982
5,1983q1,.8499105,,
5,1983q2,.42495519,,
5,1983q3,.42495519,,
5,1983q4,1.274866,,
5,1984q1,.42495519,,
5,1984q2,.8499105,,
5,1984q3,0,,
5,1984q4,.8499105,23814,
5,1985q1,2.1247759,26104,
5,1985q2,.42495519,23335,
5,1985q3,1.274866,,
5,1985q4,1.274866,,
5,1986q1,.8499105,24740,
5,1986q2,0,26607,
5,1986q3,.8499105,28249,
5,1986q4,.42495519,26723,
5,1987q1,.42495519,26763,
5,1987q2,.42495519,28995,
5,1987q3,.42495519,29123,11969.5
5,1987q4,1.274866,,11376.33
5,1988q1,.42495519,,11236.33
5,1988q2,0,28919,11104
5,1988q3,1.699821,30871,11098.67
5,1988q4,0,27369,10569.17
5,1989q1,2.1247759,28255,10603.33
5,1989q2,.42495519,28134,10261.5
5,1989q3,.42495519,27162,10451.17
5,1989q4,.42495519,30306,9951.333
5,1990q1,.42495519,32405,9758.833
5,1990q2,0,28994,9712.333
5,1990q3,0,30038,9910.667
5,1990q4,3.8245969,29679,9657
5,1991q1,0,27610,9894.833
5,1991q2,.8499105,25200,9969.667
5,1991q3,2.1247759,28517,10477.33
5,1991q4,.42495519,29547,10100.5
5,1992q1,0,32717,10365.67
5,1992q2,.42495519,34288,10270.17
5,1992q3,0,29918,10951.67
5,1992q4,.8499105,30858,10383.67
5,1993q1,2.549731,32235,10339.83
5,1993q2,.42495519,38583,10094.33
5,1993q3,0,38258,10475.33
5,1993q4,3.399642,39709,9674.667
5,1994q1,0,39429,9656.167
5,1994q2,1.274866,41823,9396
5,1994q3,0,43180,9645.667
5,1994q4,0,44221,8743.333
5,1995q1,0,45704,8545.167
5,1995q2,0,49912,8197.833
5,1995q3,0,47762,8729.833
5,1995q4,0,44506,8373.5
5,1996q1,0,51757,8471.833
5,1996q2,0,53339,8306.833
5,1996q3,.42495519,52643,8873.833
5,1996q4,0,54242,7541.167
5,1997q1,0,56554,7042.167
5,1997q2,0,54692,6708.833
5,1997q3,0,55581,7213.5
5,1997q4,0,53175,6817
5,1998q1,.42495519,59571,6774
5,1998q2,.42495519,58936,6627.167
5,1998q3,0,58842,6990
5,1998q4,0,57125,6381.333
5,1999q1,0,59828,6301.833
5,1999q2,0,62170,5930.667
5,1999q3,0,63727,5913.667
5,1999q4,0,62495,5183
5,2000q1,0,59306,5177.167
5,2000q2,0,57174,5070.667
5,2000q3,.42495519,72829,5411.167
5,2000q4,0,73828,5019.5
5,2001q1,0,70980,5118.167
5,2001q2,.8499105,66466,5028.833
5,2001q3,0,69536,5437
5,2001q4,.42495519,73261,4998.5
5,2002q1,.42495519,67945,5090.167
5,2002q2,0,69815,4749.833
5,2002q3,.42495519,78008,4716.667
5,2002q4,0,75178,4102
5,2003q1,0,86916,4169.5
5,2003q2,0,83191,4187.333
5,2003q3,0,88273,4588
5,2003q4,0,87408,4313.667
5,2004q1,0,89451,4351.167
5,2004q2,0,98581,4091.667
5,2004q3,.42495519,100606,4222.167
5,2004q4,0,107678,3974.167
5,2005q1,0,107945,3984.333
5,2005q2,0,117932,3782.167
5,2005q3,0,119319,4073.833
5,2005q4,0,137949,3955.333
5,2006q1,0,140747,4137.833
5,2006q2,0,151462,3992.333
5,2006q3,0,147053,4109.167
5,2006q4,0,173462,3813.5
5,2007q1,0,180818,3575.667
5,2007q2,0,189515,3356.667
5,2007q3,0,185863,3358.833
5,2007q4,0,209273,3190.5
5,2008q1,0,218979,3316.167
5,2008q2,0,221227,3344.5
5,2008q3,0,209050,3770.167
5,2008q4,0,148929,4059.167
5,2009q1,0,149952,4750.833
6,1983q1,0,,
6,1983q2,0,,
6,1983q3,0,,
6,1983q4,.42495519,,
6,1984q1,0,,
6,1984q2,0,,
6,1984q3,0,,
6,1984q4,0,27030,
6,1985q1,0,27388,
6,1985q2,0,26321,
6,1985q3,0,,
6,1985q4,0,26113,
6,1986q1,0,25650,
6,1986q2,0,27820,
6,1986q3,0,30985,
6,1986q4,0,26620,
6,1987q1,.42495519,29812,
6,1987q2,0,27528,
6,1987q3,.42495519,28876,6710.667
6,1987q4,0,,6479
6,1988q1,0,27928,6353.333
6,1988q2,0,29780,6132
6,1988q3,0,29668,6084.667
6,1988q4,0,29099,5700.667
6,1989q1,0,26503,5588.667
6,1989q2,0,27822,5324
6,1989q3,.42495519,31445,5358
6,1989q4,0,29207,4996.667
6,1990q1,0,30549,4854.667
6,1990q2,0,32130,4656
6,1990q3,0,30847,4752.667
6,1990q4,0,28072,4607
6,1991q1,0,28545,4849.667
6,1991q2,0,36185,4787.333
6,1991q3,0,34236,5023.333
6,1991q4,0,36715,4866.333
6,1992q1,0,36223,5023.667
6,1992q2,0,35535,4996.333
6,1992q3,0,35671,5296.333
6,1992q4,.42495519,36411,5055
6,1993q1,0,39270,5101.333
6,1993q2,0,39820,4916.667
6,1993q3,0,40952,5095
6,1993q4,0,45673,4785.667
6,1994q1,0,36834,4866.333
6,1994q2,0,40069,4742.333
6,1994q3,.42495519,46042,4728
6,1994q4,0,44376,4345.333
6,1995q1,0,40564,4406.333
6,1995q2,0,49732,4148.667
6,1995q3,0,43706,4290.333
6,1995q4,0,48558,4122.333
6,1996q1,.42495519,45526,4194.667
6,1996q2,0,50524,4061
6,1996q3,0,59912,4383.667
6,1996q4,0,51217,3539
6,1997q1,0,53982,3124.333
6,1997q2,.42495519,52279,2753
6,1997q3,0,52361,2870.667
6,1997q4,0,52789,2553.667
6,1998q1,0,57360,2609.667
6,1998q2,0,56653,2471
6,1998q3,0,60204,2663
6,1998q4,0,57235,2483
6,1999q1,0,60707,2560
6,1999q2,0,64945,2409.333
6,1999q3,0,66594,2476.667
6,1999q4,0,66507,2054.333
6,2000q1,0,65353,2119
6,2000q2,0,85178,1956.333
6,2000q3,0,82665,2015.667
6,2000q4,0,76061,1711.333
6,2001q1,0,71695,1745.333
6,2001q2,0,70663,1688
6,2001q3,.42495519,70457,1797.667
6,2001q4,0,75287,1566.667
6,2002q1,0,91883,1694
6,2002q2,0,82411,1630
6,2002q3,0,87490,1698
6,2002q4,0,88257,1457.333
6,2003q1,0,88949,1590.667
6,2003q2,0,98521,1532
6,2003q3,0,105513,1625.667
6,2003q4,0,102601,1449
6,2004q1,0,102555,1478
6,2004q2,0,102633,1297
6,2004q3,0,104900,1256.667
6,2004q4,0,104825,1100.667
6,2005q1,0,126162,1236.667
6,2005q2,0,118708,1261.333
6,2005q3,0,140945,1340.333
6,2005q4,0,136260,1238.667
6,2006q1,0,155319,1399.333
6,2006q2,.42495519,175439,1341.333
6,2006q3,0,171248,1315.667
6,2006q4,0,194189,1191.667
6,2007q1,0,208900,1244.667
6,2007q2,0,228391,1145
6,2007q3,0,222193,1117.333
6,2007q4,0,209014,1000.333
6,2008q1,0,188147,1120.333
6,2008q2,0,209820,1166.667
6,2008q3,0,178079,1364.667
6,2008q4,0,177319,1629.667
6,2009q1,0,159192,2202
7,1983q1,0,,
7,1983q2,0,,
7,1983q3,0,,
7,1983q4,0,,
7,1984q1,1.274866,,
7,1984q2,0,,
7,1984q3,0,,
7,1984q4,0,27172,
7,1985q1,0,26543,
7,1985q2,0,28871,
7,1985q3,0,,
7,1985q4,0,28603,
7,1986q1,0,28366,
7,1986q2,0,28356,
7,1986q3,0,27837,
7,1986q4,0,28783,
7,1987q1,0,28568,
7,1987q2,.8499105,30928,
7,1987q3,0,29729,10072.67
7,1987q4,0,,9711.333
7,1988q1,0,31214,9673.333
7,1988q2,0,32860,9377.667
7,1988q3,.42495519,31026,9344
7,1988q4,0,30268,8764.333
7,1989q1,0,33810,8920.333
7,1989q2,0,33088,8609
7,1989q3,0,33040,8549
7,1989q4,0,32719,8013.333
7,1990q1,0,32306,8051.333
7,1990q2,0,33920,7712.667
7,1990q3,0,37123,7833.667
7,1990q4,0,32038,7685.667
7,1991q1,0,34023,7954.667
7,1991q2,.42495519,38813,7840
7,1991q3,0,38239,8238.333
7,1991q4,0,36496,8072.667
7,1992q1,0,39756,8360
7,1992q2,0,39187,8302.667
7,1992q3,0,36378,8710.667
7,1992q4,.42495519,38697,8525.333
7,1993q1,0,36925,8695.333
7,1993q2,0,38097,8319.667
7,1993q3,0,42597,8545
7,1993q4,0,42000,8145.333
7,1994q1,0,42155,8192.333
7,1994q2,0,47404,7858.333
7,1994q3,0,41101,8129.333
7,1994q4,0,49954,7509.667
7,1995q1,0,46290,7521
7,1995q2,0,47576,7146
7,1995q3,0,49333,7393.333
7,1995q4,0,46010,7109.667
7,1996q1,0,51165,7196
7,1996q2,0,53893,7004.333
7,1996q3,0,58029,7598.667
7,1996q4,0,47496,6567.333
7,1997q1,0,56382,5941.667
7,1997q2,.42495519,53248,5324.667
7,1997q3,0,61336,5497.667
7,1997q4,0,55207,4958.667
7,1998q1,0,56838,5034.333
7,1998q2,0,58333,4760.333
7,1998q3,1.274866,63540,5011.667
7,1998q4,0,71916,4794
7,1999q1,0,64319,4908.667
7,1999q2,0,63466,4458.333
7,1999q3,0,72151,4336.333
7,1999q4,0,76681,3860.333
7,2000q1,0,86974,3820
7,2000q2,0,65161,3355
7,2000q3,0,82905,3467
7,2000q4,0,77168,3438
7,2001q1,0,83615,3517.667
7,2001q2,0,72569,3293.667
7,2001q3,0,82635,3505
7,2001q4,0,79952,3137.667
7,2002q1,0,93243,3201.667
7,2002q2,0,101661,2899
7,2002q3,0,83534,2868.667
7,2002q4,0,91744,2665
7,2003q1,0,103029,2756.667
7,2003q2,0,113721,2669
7,2003q3,0,108225,2843.333
7,2003q4,0,109911,2637
7,2004q1,0,102485,2672.333
7,2004q2,0,124347,2366
7,2004q3,0,117354,2511.667
7,2004q4,0,127742,2598.667
7,2005q1,0,135851,2713.667
7,2005q2,0,153080,2486.333
7,2005q3,0,170191,2380.667
7,2005q4,0,174134,2273
7,2006q1,0,165591,2426.667
7,2006q2,0,185049,2338.333
7,2006q3,0,200550,2243
7,2006q4,0,198711,2107.667
7,2007q1,0,256032,2117
7,2007q2,0,277169,1851
7,2007q3,0,285938,1825.333
7,2007q4,0,279918,1860.333
7,2008q1,0,264055,2134.333
7,2008q2,0,203728,2139.333
7,2008q3,0,184508,2470.333
7,2008q4,0,162191,3107
7,2009q1,0,170224,4138
8,1983q1,.42495519,,
8,1983q2,0,,
8,1983q3,.42495519,,
8,1983q4,0,,
8,1984q1,1.274866,,
8,1984q2,1.274866,,
8,1984q3,.8499105,,
8,1984q4,1.274866,24840,
8,1985q1,.42495519,27494,
8,1985q2,.8499105,25299,
8,1985q3,0,,
8,1985q4,0,,
8,1986q1,1.699821,28582,
8,1986q2,1.274866,26565,
8,1986q3,.42495519,30296,
8,1986q4,.42495519,30782,
8,1987q1,.42495519,28683,
8,1987q2,.42495519,30487,
8,1987q3,.42495519,30179,6486.5
8,1987q4,4.2495518,,6201.667
8,1988q1,0,29045,5985.667
8,1988q2,.8499105,30500,5720.333
8,1988q3,.8499105,31489,5756.333
8,1988q4,.8499105,31800,5412.5
8,1989q1,0,32587,5556.667
8,1989q2,0,32858,5339.833
8,1989q3,0,35374,5489.833
8,1989q4,.8499105,32803,5130.667
8,1990q1,.42495519,33143,5099.167
8,1990q2,0,37457,4837.333
8,1990q3,.42495519,34575,4931
8,1990q4,0,38393,4847
8,1991q1,.42495519,36403,4754.167
8,1991q2,.8499105,41985,4664.667
8,1991q3,.42495519,43118,5036.333
8,1991q4,0,40138,4944.5
8,1992q1,.42495519,45345,5138
8,1992q2,0,38927,5093.167
8,1992q3,0,42277,5344.667
8,1992q4,.42495519,41183,5076.667
8,1993q1,.42495519,43936,5155.833
8,1993q2,.42495519,50341,4987.667
8,1993q3,0,44415,5235.667
8,1993q4,.8499105,45050,4897
8,1994q1,0,42693,4865.167
8,1994q2,0,45214,4764.667
8,1994q3,.42495519,47424,5080.333
8,1994q4,0,45141,4692
8,1995q1,0,49217,4669.167
8,1995q2,0,51149,4424.833
8,1995q3,0,53614,4654.833
8,1995q4,0,53989,4236.5
8,1996q1,0,55395,4307.833
8,1996q2,0,53207,4258.167
8,1996q3,0,55331,4615.5
8,1996q4,0,57554,3942.167
8,1997q1,0,58398,3771.833
8,1997q2,0,52786,3456.167
8,1997q3,0,72316,3696.833
8,1997q4,0,61957,3282
8,1998q1,0,65805,3295
8,1998q2,0,64318,3212.833
8,1998q3,0,63943,3507.667
8,1998q4,0,62228,3100.667
8,1999q1,0,67107,3087.5
8,1999q2,0,67572,2919
8,1999q3,0,63412,2977.333
8,1999q4,0,67725,2542
8,2000q1,0,65879,2507.5
8,2000q2,0,67613,2367
8,2000q3,0,78163,2584.5
8,2000q4,0,75211,2440.5
8,2001q1,0,72424,2459.167
8,2001q2,0,76662,2388.5
8,2001q3,0,81110,2571.333
8,2001q4,0,85415,2323.5
8,2002q1,0,85511,2357.167
8,2002q2,0,86235,2294.5
8,2002q3,0,94083,2415
8,2002q4,0,106566,2146
8,2003q1,0,93890,2231.5
8,2003q2,0,94121,2161
8,2003q3,0,107281,2334.333
8,2003q4,0,119193,2075.333
8,2004q1,0,113775,2011.833
8,2004q2,0,112850,1844.333
8,2004q3,0,116851,1892.5
8,2004q4,0,123166,1659.5
8,2005q1,0,131467,1670.333
8,2005q2,0,141975,1517.833
8,2005q3,0,161496,1597.167
8,2005q4,0,160726,1521
8,2006q1,0,169402,1566.5
8,2006q2,0,181707,1504
8,2006q3,0,202965,1598.5
8,2006q4,0,222522,1520.833
8,2007q1,0,213569,1438
8,2007q2,0,244068,1271.333
8,2007q3,0,191368,1289.5
8,2007q4,0,210810,1238.167
8,2008q1,0,228917,1305.5
8,2008q2,0,193406,1296.5
8,2008q3,0,169103,1488.167
8,2008q4,0,135804,1671.167
8,2009q1,0,159611,2133.5
9,1983q1,.42495519,,
9,1983q2,1.274866,,
9,1983q3,2.9746871,,
9,1983q4,2.1247759,,
9,1984q1,0,,
9,1984q2,1.274866,,
9,1984q3,1.699821,,
9,1984q4,.8499105,25186,
9,1985q1,.42495519,28924,
9,1985q2,0,26872,
9,1985q3,.42495519,,
9,1985q4,.8499105,29874,
9,1986q1,.42495519,28647,
9,1986q2,0,28166,
9,1986q3,.42495519,29690,
9,1986q4,.42495519,28164,
9,1987q1,.42495519,32173,
9,1987q2,1.274866,28096,
9,1987q3,0,29102,13569
9,1987q4,0,,12892
9,1988q1,.8499105,32396,12665
9,1988q2,.8499105,32646,12279.67
9,1988q3,5.5244179,33372,12471.33
9,1988q4,1.274866,32585,11692
9,1989q1,2.1247759,29820,11757.67
9,1989q2,0,31108,11199.33
9,1989q3,.42495519,30743,11434.67
9,1989q4,1.274866,32404,10555
9,1990q1,.42495519,30403,10539
9,1990q2,0,33932,10238
9,1990q3,0,38945,10407.67
9,1990q4,1.274866,35624,10023
9,1991q1,1.699821,34613,10445
9,1991q2,1.699821,36468,10301
9,1991q3,.8499105,33000,10975.33
9,1991q4,.8499105,31200,10800.67
9,1992q1,7.2242389,34630,11116
9,1992q2,0,37688,11149
9,1992q3,0,39416,12052.67
9,1992q4,0,38848,11306
9,1993q1,1.699821,34545,11288
9,1993q2,.42495519,33170,10829.67
9,1993q3,0,33704,11567.67
9,1993q4,0,43860,10680.33
9,1994q1,0,44513,10519.33
9,1994q2,.42495519,43823,10055.67
9,1994q3,.42495519,46093,10584
9,1994q4,0,44409,9537.333
9,1995q1,0,45858,9329.333
9,1995q2,0,45540,8868.333
9,1995q3,0,43293,9511.667
9,1995q4,0,47423,8761.667
9,1996q1,0,48437,8920.333
9,1996q2,0,48356,8875.667
9,1996q3,0,49443,9862
9,1996q4,0,49992,8159.333
9,1997q1,0,49178,7136.667
9,1997q2,0,49734,6380.667
9,1997q3,0,56543,6851.667
9,1997q4,.42495519,57222,6004
9,1998q1,.8499105,57366,5900.667
9,1998q2,0,56627,5655.667
9,1998q3,12.3237,58317,6270.667
9,1998q4,0,61203,5523.333
9,1999q1,0,52797,5518
9,1999q2,0,62278,4954.667
9,1999q3,0,65795,4786.667
9,1999q4,0,66922,3721
9,2000q1,0,64215,3592.333
9,2000q2,0,75711,3280
9,2000q3,0,71471,3681.333
9,2000q4,0,75896,3274.333
9,2001q1,0,74827,3267
9,2001q2,0,84085,3093.333
9,2001q3,0,69799,3493
9,2001q4,0,75620,2849.667
9,2002q1,0,73085,2914.333
9,2002q2,0,80632,2649.667
9,2002q3,0,90955,2957.333
9,2002q4,0,89357,2540.667
9,2003q1,0,96250,2514.667
9,2003q2,0,92257,2424.667
9,2003q3,0,99869,2796
9,2003q4,0,104722,2359.667
9,2004q1,0,112804,2335.667
9,2004q2,0,114752,2083.667
9,2004q3,0,116785,2245.333
9,2004q4,0,128861,1937
9,2005q1,0,130083,2043.667
9,2005q2,0,135675,2031.333
9,2005q3,0,143364,2295.667
9,2005q4,0,151510,1993
9,2006q1,0,163446,2054.667
9,2006q2,0,177168,1904.333
9,2006q3,0,181078,2036
9,2006q4,0,219489,1731
9,2007q1,0,244293,1759.333
9,2007q2,0,242386,1558.667
9,2007q3,0,292931,1753
9,2007q4,0,218120,1592.333
9,2008q1,0,200942,1744
9,2008q2,0,201746,1833.333
9,2008q3,0,164317,2335
9,2008q4,0,147421,3038.667
9,2009q1,0,137019,4295.333
10,1983q1,1.699821,,
10,1983q2,.42495519,,
10,1983q3,.8499105,,
10,1983q4,2.1247759,,
10,1984q1,1.699821,,
10,1984q2,2.1247759,,
10,1984q3,.8499105,,
10,1984q4,0,27254,
10,1985q1,4.2495518,24304,
10,1985q2,1.699821,30732,
10,1985q3,.42495519,,
10,1985q4,.42495519,,
10,1986q1,.42495519,26960,
10,1986q2,2.549731,30057,
10,1986q3,2.549731,30872,
10,1986q4,.8499105,29255,
10,1987q1,1.274866,29439,
10,1987q2,1.274866,29183,
10,1987q3,.8499105,32224,12926.33
10,1987q4,.42495519,,12319.67
10,1988q1,1.699821,31629,12078
10,1988q2,.42495519,34379,11728
10,1988q3,.42495519,33353,11857.33
10,1988q4,.42495519,32713,10968.67
10,1989q1,.8499105,36652,11034.67
10,1989q2,.8499105,34276,10715.67
10,1989q3,.8499105,36216,10882
10,1989q4,2.1247759,34644,10130.33
10,1990q1,0,33215,10142
10,1990q2,2.9746871,35533,9937.333
10,1990q3,.42495519,34465,10310.33
10,1990q4,.42495519,34349,10003.33
10,1991q1,.42495519,34128,10943
10,1991q2,.42495519,37818,11042.67
10,1991q3,.8499105,38358,11452
10,1991q4,.42495519,38499,11108
10,1992q1,0,40262,11437.67
10,1992q2,.42495519,37053,11337.33
10,1992q3,.8499105,40559,12058.67
10,1992q4,.42495519,38524,11463
10,1993q1,.8499105,38038,11687
10,1993q2,.8499105,40946,11347.33
10,1993q3,.42495519,47985,11720.33
10,1993q4,1.699821,41430,10911.67
10,1994q1,0,42378,10840
10,1994q2,2.9746871,55952,10372.67
10,1994q3,.42495519,52738,10806.33
10,1994q4,.42495519,51550,10028
10,1995q1,0,51295,10036
10,1995q2,0,49997,9649.667
10,1995q3,0,50907,10298.67
10,1995q4,0,56476,9595
10,1996q1,0,49607,9789
10,1996q2,0,58591,9641.667
10,1996q3,0,60312,10296.67
10,1996q4,0,63417,8502.667
10,1997q1,.42495519,60166,7556
10,1997q2,0,62307,6845.333
10,1997q3,.42495519,65723,7324
10,1997q4,0,67297,6710.333
10,1998q1,0,69821,6621.333
10,1998q2,0,69189,6294.333
10,1998q3,0,71307,6725.333
10,1998q4,0,73218,6045.667
10,1999q1,.42495519,74066,6166.333
10,1999q2,.8499105,76481,5759.667
10,1999q3,0,70190,5807.333
10,1999q4,0,78606,4803.333
10,2000q1,0,85613,4582.333
10,2000q2,0,87211,4131
10,2000q3,0,88701,4320.667
10,2000q4,0,105499,4130
10,2001q1,0,92847,4198.667
10,2001q2,0,97280,4038
10,2001q3,0,99696,4276.333
10,2001q4,.42495519,98158,3730.333
10,2002q1,.42495519,100552,3835.667
10,2002q2,0,99291,3641.667
10,2002q3,0,106430,3889.667
10,2002q4,0,107068,3571.667
10,2003q1,.42495519,113674,3679
10,2003q2,0,114251,3470
10,2003q3,0,107756,3790
10,2003q4,0,117456,3215.667
10,2004q1,0,110308,3242
10,2004q2,0,123290,3037.333
10,2004q3,0,130771,3225.667
10,2004q4,0,125086,2877.333
10,2005q1,0,128509,2926.333
10,2005q2,0,142953,2747.667
10,2005q3,0,143102,2920
10,2005q4,0,154147,2649
10,2006q1,0,167886,2654.667
10,2006q2,0,183056,2491.667
10,2006q3,0,207506,2671.667
10,2006q4,0,221367,2374.667
10,2007q1,0,219526,2448
10,2007q2,0,242218,2241.333
10,2007q3,0,261654,2274
10,2007q4,0,256259,2098.333
10,2008q1,0,259570,2378
10,2008q2,0,236480,2433.333
10,2008q3,0,217358,3036
10,2008q4,0,176306,3524.667
10,2009q1,0,170139,4710.333
11,1983q1,.8499105,,
11,1983q2,1.274866,,
11,1983q3,1.699821,,
11,1983q4,2.549731,,
11,1984q1,.8499105,,
11,1984q2,0,,
11,1984q3,0,,
11,1984q4,.42495519,24173,
11,1985q1,.8499105,28164,
11,1985q2,1.699821,27851,
11,1985q3,.42495519,,
11,1985q4,.42495519,,
11,1986q1,.8499105,28540,
11,1986q2,.8499105,25709,
11,1986q3,.42495519,28042,
11,1986q4,0,27074,
11,1987q1,.42495519,27909,
11,1987q2,4.2495518,27958,
11,1987q3,0,25836,9677
11,1987q4,0,,9362.667
11,1988q1,0,27793,9091.333
11,1988q2,0,28045,8812.667
11,1988q3,1.274866,27246,8725.667
11,1988q4,.42495519,24336,8035.667
11,1989q1,.42495519,23428,8255.667
11,1989q2,.42495519,26817,8014
11,1989q3,0,27868,8016.333
11,1989q4,.42495519,26158,7157.667
11,1990q1,1.699821,30038,7158.333
11,1990q2,.8499105,26283,6975.333
11,1990q3,2.549731,33825,7191
11,1990q4,3.399642,31968,6701.333
11,1991q1,2.1247759,24942,7080
11,1991q2,1.699821,25878,7249.333
11,1991q3,0,27219,7540.667
11,1991q4,1.274866,28866,7202
11,1992q1,0,28155,7343.333
11,1992q2,2.1247759,33531,7261.667
11,1992q3,1.699821,32513,7644
11,1992q4,.42495519,29107,7193
11,1993q1,1.699821,32376,7311.667
11,1993q2,.42495519,29001,7014.333
11,1993q3,0,32133,7444
11,1993q4,.42495519,34835,6756.333
11,1994q1,0,30876,6743.667
11,1994q2,2.9746871,37279,6500.333
11,1994q3,0,34488,6754.333
11,1994q4,0,34488,6002.667
11,1995q1,0,40054,5908
11,1995q2,0,42985,5600.667
11,1995q3,0,48381,5970
11,1995q4,0,40207,5549
11,1996q1,.42495519,43062,5624.667
11,1996q2,0,58317,5516.333
11,1996q3,.8499105,49945,6038.333
11,1996q4,0,49982,4964
11,1997q1,0,47025,4390.667
11,1997q2,.42495519,44746,3935.333
11,1997q3,.42495519,49351,4181
11,1997q4,0,63609,3714
11,1998q1,.8499105,60774,3813
11,1998q2,.42495519,59168,3648
11,1998q3,.42495519,59453,3959
11,1998q4,0,56038,3527.667
11,1999q1,.42495519,66947,3654
11,1999q2,.42495519,63929,3424
11,1999q3,0,63335,3444
11,1999q4,0,57224,2743
11,2000q1,1.274866,68573,2709
11,2000q2,0,60637,2569
11,2000q3,0,68447,2849.333
11,2000q4,0,75225,2579
11,2001q1,0,69439,2684
11,2001q2,.42495519,79598,2505.333
11,2001q3,.42495519,76322,2713.333
11,2001q4,0,66529,2389.667
11,2002q1,0,71276,2395
11,2002q2,0,87871,2216.333
11,2002q3,0,76847,2432
11,2002q4,0,83954,2174.667
11,2003q1,0,89094,2292.667
11,2003q2,.42495519,88692,2141.333
11,2003q3,0,96871,2351
11,2003q4,0,99577,2130
11,2004q1,0,107315,2152.667
11,2004q2,0,102068,1854
11,2004q3,0,108582,1949
11,2004q4,0,110116,1666.667
11,2005q1,0,103468,1763
11,2005q2,0,125877,1623
11,2005q3,0,118252,1656.667
11,2005q4,.42495519,127092,1538.333
11,2006q1,0,144157,1666
11,2006q2,0,148033,1584.667
11,2006q3,0,176145,1747.667
11,2006q4,0,180848,1594.667
11,2007q1,0,222617,1628
11,2007q2,0,231514,1498.333
11,2007q3,0,241410,1588
11,2007q4,0,227706,1440.667
11,2008q1,0,172644,1664
11,2008q2,0,185016,1734
11,2008q3,0,162534,2068
11,2008q4,0,143905,2389.667
11,2009q1,.8499105,131703,3310.333
12,1984q4,,,
12,1985q1,,,
12,1985q2,,,
12,1985q3,,,
12,1985q4,,,
12,1986q1,,,
12,1986q2,,,
12,1986q3,,,
12,1986q4,,,
12,1987q1,,,
12,1987q2,,,
12,1987q3,,,
12,1987q4,,,
12,1988q1,,,
12,1988q2,,,
12,1988q3,,,
12,1988q4,,,
12,1989q1,,,
12,1989q2,,,
12,1989q3,,,
12,1989q4,,,
12,1990q1,,,
12,1990q2,,,
12,1990q3,,,
12,1990q4,,,
12,1991q1,,,
12,1991q2,,,
12,1991q3,,,
12,1991q4,,,
12,1992q1,,,
12,1992q2,,,
12,1992q3,,,
12,1992q4,,,
12,1993q1,,,
12,1993q2,,,
12,1993q3,,,
12,1993q4,,,
12,1994q1,,,
12,1994q2,,,
12,1994q3,,,
12,1994q4,,,
12,1995q1,,,
12,1995q2,,,
12,1995q3,,,
12,1995q4,,,
12,1996q1,,,
12,1996q2,,,
12,1996q3,,,
12,1996q4,,,
12,1997q1,,,
12,1997q2,,,
12,1997q3,,,
12,1997q4,,,
12,1998q1,,,
12,1998q2,,,
12,1998q3,,,
12,1998q4,,,
12,1999q1,,,
12,1999q2,,,
12,1999q3,,,
12,1999q4,,,
12,2000q1,,,
12,2000q2,,,
12,2000q3,,,
12,2000q4,,,
12,2001q1,,,
12,2001q2,,,
12,2001q3,,,
12,2001q4,,,
12,2002q1,,,
12,2002q2,,,
12,2002q3,,,
12,2002q4,,,
12,2003q1,,,
12,2003q2,,,
12,2003q3,,,
12,2003q4,,,
12,2004q1,,,
12,2004q2,,,
12,2004q3,,,
12,2004q4,,,
12,2005q1,,,
12,2005q2,,,
12,2005q3,,,
12,2005q4,,,
12,2006q1,,,
12,2006q2,,,
12,2006q3,,,
12,2006q4,,,
12,2007q1,,,
12,2007q2,,,
12,2007q3,,,
12,2007q4,,,
12,2008q1,,,
12,2008q2,,,
12,2008q3,,,
12,2008q4,,,
12,2009q1,,,
13,1984q4,,,
13,1985q1,,,
13,1985q2,,,
13,1985q3,,,
13,1985q4,,,
13,1986q1,,,
13,1986q2,,,
13,1986q3,,,
13,1986q4,,,
13,1987q1,,,
13,1987q2,,,
13,1987q3,,,
13,1987q4,,,
13,1988q1,,,
13,1988q2,,,
13,1988q3,,,
13,1988q4,,,
13,1989q1,,,
13,1989q2,,,
13,1989q3,,,
13,1989q4,,,
13,1990q1,,,
13,1990q2,,,
13,1990q3,,,
13,1990q4,,,
13,1991q1,,,
13,1991q2,,,
13,1991q3,,,
13,1991q4,,,
13,1992q1,,,
13,1992q2,,,
13,1992q3,,,
13,1992q4,,,
13,1993q1,,,
13,1993q2,,,
13,1993q3,,,
13,1993q4,,,
13,1994q1,,,
13,1994q2,,,
13,1994q3,,,
13,1994q4,,,
13,1995q1,,,
13,1995q2,,,
13,1995q3,,,
13,1995q4,,,
13,1996q1,,,
13,1996q2,,,
13,1996q3,,,
13,1996q4,,,
13,1997q1,,,
13,1997q2,,,
13,1997q3,,,
13,1997q4,,,
13,1998q1,,,
13,1998q2,,,
13,1998q3,,,
13,1998q4,,,
13,1999q1,,,
13,1999q2,,,
13,1999q3,,,
13,1999q4,,,
13,2000q1,,,
13,2000q2,,,
13,2000q3,,,
13,2000q4,,,
13,2001q1,,,
13,2001q2,,,
13,2001q3,,,
13,2001q4,,,
13,2002q1,,,
13,2002q2,,,
13,2002q3,,,
13,2002q4,,,
13,2003q1,,,
13,2003q2,,,
13,2003q3,,,
13,2003q4,,,
13,2004q1,,,
13,2004q2,,,
13,2004q3,,,
13,2004q4,,,
13,2005q1,,,
13,2005q2,,,
13,2005q3,,,
13,2005q4,,,
13,2006q1,,,
13,2006q2,,,
13,2006q3,,,
13,2006q4,,,
13,2007q1,,,
13,2007q2,,,
13,2007q3,,,
13,2007q4,,,
13,2008q1,,,
13,2008q2,,,
13,2008q3,,,
13,2008q4,,,
13,2009q1,,,
14,1984q4,,,
14,1985q1,,,
14,1985q2,,,
14,1985q3,,,
14,1985q4,,,
14,1986q1,,,
14,1986q2,,,
14,1986q3,,,
14,1986q4,,,
14,1987q1,,,
14,1987q2,,,
14,1987q3,,,
14,1987q4,,,
14,1988q1,,,
14,1988q2,,,
14,1988q3,,,
14,1988q4,,,
14,1989q1,,,
14,1989q2,,,
14,1989q3,,,
14,1989q4,,,
14,1990q1,,,
14,1990q2,,,
14,1990q3,,,
14,1990q4,,,
14,1991q1,,,
14,1991q2,,,
14,1991q3,,,
14,1991q4,,,
14,1992q1,,,
14,1992q2,,,
14,1992q3,,,
14,1992q4,,,
14,1993q1,,,
14,1993q2,,,
14,1993q3,,,
14,1993q4,,,
14,1994q1,,,
14,1994q2,,,
14,1994q3,,,
14,1994q4,,,
14,1995q1,,,
14,1995q2,,,
14,1995q3,,,
14,1995q4,,,
14,1996q1,,,
14,1996q2,,,
14,1996q3,,,
14,1996q4,,,
14,1997q1,,,
14,1997q2,,,
14,1997q3,,,
14,1997q4,,,
14,1998q1,,,
14,1998q2,,,
14,1998q3,,,
14,1998q4,,,
14,1999q1,,,
14,1999q2,,,
14,1999q3,,,
14,1999q4,,,
14,2000q1,,,
14,2000q2,,,
14,2000q3,,,
14,2000q4,,,
14,2001q1,,,
14,2001q2,,,
14,2001q3,,,
14,2001q4,,,
14,2002q1,,,
14,2002q2,,,
14,2002q3,,,
14,2002q4,,,
14,2003q1,,,
14,2003q2,,,
14,2003q3,,,
14,2003q4,,,
14,2004q1,,,
14,2004q2,,,
14,2004q3,,,
14,2004q4,,,
14,2005q1,,,
14,2005q2,,,
14,2005q3,,,
14,2005q4,,,
14,2006q1,,,
14,2006q2,,,
14,2006q3,,,
14,2006q4,,,
14,2007q1,,,
14,2007q2,,,
14,2007q3,,,
14,2007q4,,,
14,2008q1,,,
14,2008q2,,,
14,2008q3,,,
14,2008q4,,,
14,2009q1,,,
15,1984q4,,,
15,1985q1,,,
15,1985q2,,,
15,1985q3,,,
15,1985q4,,,
15,1986q1,,,
15,1986q2,,,
15,1986q3,,,
15,1986q4,,,
15,1987q1,,,
15,1987q2,,,
15,1987q3,,,
15,1987q4,,,
15,1988q1,,,
15,1988q2,,,
15,1988q3,,,
15,1988q4,,,
15,1989q1,,,
15,1989q2,,,
15,1989q3,,,
15,1989q4,,,
15,1990q1,,,
15,1990q2,,,
15,1990q3,,,
15,1990q4,,,
15,1991q1,,,
15,1991q2,,,
15,1991q3,,,
15,1991q4,,,
15,1992q1,,,
15,1992q2,,,
15,1992q3,,,
15,1992q4,,,
15,1993q1,,,
15,1993q2,,,
15,1993q3,,,
15,1993q4,,,
15,1994q1,,,
15,1994q2,,,
15,1994q3,,,
15,1994q4,,,
15,1995q1,,,
15,1995q2,,,
15,1995q3,,,
15,1995q4,,,
15,1996q1,,,
15,1996q2,,,
15,1996q3,,,
15,1996q4,,,
15,1997q1,,,
15,1997q2,,,
15,1997q3,,,
15,1997q4,,,
15,1998q1,,,
15,1998q2,,,
15,1998q3,,,
15,1998q4,,,
15,1999q1,,,
15,1999q2,,,
15,1999q3,,,
15,1999q4,,,
15,2000q1,,,
15,2000q2,,,
15,2000q3,,,
15,2000q4,,,
15,2001q1,,,
15,2001q2,,,
15,2001q3,,,
15,2001q4,,,
15,2002q1,,,
15,2002q2,,,
15,2002q3,,,
15,2002q4,,,
15,2003q1,,,
15,2003q2,,,
15,2003q3,,,
15,2003q4,,,
15,2004q1,,,
15,2004q2,,,
15,2004q3,,,
15,2004q4,,,
15,2005q1,,,
15,2005q2,,,
15,2005q3,,,
15,2005q4,,,
15,2006q1,,,
15,2006q2,,,
15,2006q3,,,
15,2006q4,,,
15,2007q1,,,
15,2007q2,,,
15,2007q3,,,
15,2007q4,,,
15,2008q1,,,
15,2008q2,,,
15,2008q3,,,
15,2008q4,,,
15,2009q1,,,
